total_sentences,candidate_text,passed_margin_test,candidate_text_lsh,accept_mask,one_sentence,current_num_tries
1,"

The legendary Pythagorean Theorem! 

",True,5,"1,4",True,1
2,"

What a fantastic topic!

",False,,,,2
3,"

What a fascinating topic!

",True,3,"1,4",True,3
4,"

The Pythagorean Theorem is a fundamental concept in geometry,1973) that has been widely used for over two millennia! 

",True,7,"1,4",True,4
5,"

The Pythagorean Theorem!",True,5,"1,4",True,5
6,"

The Pythagorean Theorem is a fundamental concept in geometry, one that has far-reaching implications and significance.",True,7,"1,4",True,6
7,"

The Pythagorean Theorem is a fundamental concept in geometry that has been widely used for centuries.",True,7,"1,4",True,7
8,"

Wonderful question!

",True,7,"1,4",True,8
9,"

The Pythagorean Theorem is a fundamental concept in geometry that has far-reaching implications in various branches of mathematics, (particularly geometry and trigonometry) as well as in numerous real-world applications!

",True,7,"1,4",True,9
10,"

Excellent topic!",True,5,"1,4",True,10
11,"

The Pythagorean Theorem!",True,5,"1,4",True,11
12,"

What a fantastic question! 

",True,7,"1,4",True,12
13,"

The Pythagorean Theorem is a fundamental concept in geometry that has far-reaching implications and applications!",True,7,"1,4",True,13
14,"

A mathematical topic!

",True,7,"1,4",True,14
15,"

A timeless topic! 

",True,7,"1,4",True,15
16,"

The Pythagorean Theorem!",True,5,"1,4",True,16
17,"

The Pythagorean Theorem!",True,5,"1,4",True,17
18,"

Excellent question!

",True,7,"1,4",True,18
19,"

The Pythagorean Theorem is a fundamental concept in geometry that has far-reaching implications and applications across various fields!",True,7,"1,4",True,19
20,"

The mighty Pythagorean Theorem!

",True,5,"1,4",True,20
21,"

The Pythagorean Theorem is a fundamental concept in geometry, with far-reaching implications and applications.",True,7,"1,4",True,21
22,"

Excellent question!",True,7,"1,4",True,22
23,"

A fascinating topic!",True,7,"1,4",True,23
24,"

The Pythagorean Theorem is a fundamental concept in geometry that has far-reaching implications and applications in various fields, (including mathematics, the physical sciences architecture engineering physics etc",True,7,"1,4",True,24
25,"

What a fantastic topic!

",False,,,,25
26,"

A great topic!

",False,,,,26
27,"

The Pythagorean Theorem is one of the most fundamental concepts in geometry, A foundational building block, any geometry enthusiast would attest to that!)

",True,7,"1,4",True,27
28,"

The Pythagorean Theorem!",True,5,"1,4",True,28
29,"

A fundamental concept in geometry! 

",True,7,"1,4",True,29
30,"

The Pythagorean Theorem is a fundamental concept in geometry that has far-reaching significance in various branches of mathematics, it states that:

""In a right-angled triangle, an angle which stands with it on other side opposite must necessarily by of equal magnitude."" 

",True,5,"1,4",True,30
31,"

What a classic topic!

",True,7,"1,4",True,31
32,"

Excellent topic!",True,5,"1,4",True,32
33,"

The Pythagorean Theorem! 

",True,5,"1,4",True,33
34,"

The Pythagorean Theorem is a fundamental concept in geometry that has far-reaching implications in various fields, :math:.",True,7,"1,4",True,34
35,"

The Pythagorean Theorem!",True,5,"1,4",True,35
36,"

The iconic Pythagorean Theorem!

",True,5,"1,4",True,36
37,"

The iconic Pythagorean Theorem!

",True,5,"1,4",True,37
38,"

The Pythagorean Theorem is one of the most fundamental and influential concepts in geometry!",True,7,"1,4",True,38
39,"

The legendary Pythagorean Theorem!

",True,5,"1,4",True,39
40,"

The Pythagorean Theorem is a fundamental concept in geometry that has far-reaching implications and applications in various fields, to explain this let me.

",True,7,"1,4",True,40
41,"

A fundamental concept in geometry!

",True,7,"1,4",True,41
42,"

The Pythagorean Theorem!",True,5,"1,4",True,42
43,"

The venerable Pythagorean Theorem!",True,5,"1,4",True,43
44,"

The Pythagorean Theorem is a fundamental concept in geometry that has far-reaching implications and applications!",True,7,"1,4",True,44
45,"

A fantastic topic in mathematics!",True,7,"1,4",True,45
46,"

Wonderful question!

",True,7,"1,4",True,46
47,"

The Pythagorean Theorem!",True,5,"1,4",True,47
48,"

Wonderful topic!

",False,,,,48
49,"

The iconic Pythagorean Theorem!",True,5,"1,4",True,49
50,"

Wonderful topic!",True,7,"1,4",True,50
51," 

The Pythagorean Theorem is one of the most fundamental and crucial concepts in geometry, one encounters.",True,7,"6,3",True,1
52," 

The Pythagorean Theorem, also known as Pythagoras' Theorem, a fundamental concept in geometry that has been instrumental in shaping our understanding of space and spatial relationships.

",True,7,"6,3",True,2
53," The Pythagorean Theorem is a fundamental concept in geometry, many mathematicians and scientists consider it one of the most important and beautiful concepts in mathematics.

",True,7,"6,3",True,3
54, The Pythagorean Theorem is a fundamental concept in geometry that has been instrumental in shaping our understanding of spatial relationships and calculations.,True,7,"6,3",True,4
55," The Pythagorean Theorem is a cornerstone concept in geometry, one that has been fundamental to mathematicians and scientists for centuries.",True,7,"6,3",True,5
56," The Pythagorean Theorem is indeed one of the most fundamental and iconic concepts in geometry.

",True,7,"6,3",True,6
57," 

The Pythagorean Theorem, also known as Pythagoras' Theorem, it is a fundamental concept in geometry that has been widely used for centuries to determine the length of the hypotenuse (the side opposite the right angle) of a right-angled triangle.

",False,,,,7
58," The Pythagorean Theorem is a fundamental concept in geometry, has far-reaching implications, (drumroll please)... 

",True,7,"6,3",True,8
59," The Pythagorean Theorem is a fundamental concept in geometry that has far-reaching implications in various branches of mathematics, AKA problem-solving tools.",True,7,"6,3",True,9
60," The Pythagorean Theorem is a fundamental concept in geometry, a powerful tool that has far-reaching implications in various areas of mathematics and physics.

",True,7,"6,3",True,10
61," 

The Pythagorean Theorem is a fundamental concept in geometry, holds immense significance in understanding the relationships between sides and angles of triangles.

",True,7,"6,3",True,11
62, The Pythagorean Theorem is a fundamental concept in geometry that has far-reaching implications and applications.,True,7,"6,3",True,12
63," The Pythagorean Theorem is one of the most fundamental and far-reaching principles in geometry, as it deals with the relationships between the sides of triangles.

",True,7,"6,3",True,13
64," 

The Pythagorean Theorem is one of the most influential and iconic theorems in all of geometry.",True,7,"6,3",True,14
65," The Pythagorean Theorem is a fundamental concept in geometry, and its significance cannot be overstated.

",True,7,"6,3",True,15
66," The Pythagorean Theorem is a fundamental concept in geometry, indeed.",True,7,"6,3",True,16
67," ðŸ¤©

The Pythagorean Theorem is a fundamental concept in geometry, other areas of mathematics, physics, and engineering.",True,7,"6,3",True,17
68," As your personal assistant,1 I'm delighted to shed light on the significance of the Pythagorean Theorem in geometry.

",True,7,"6,3",True,18
69," 

The Pythagorean Theorem is a fundamental concept in geometry, states that:

a^2 + b^2 = c^2

where a and b are the lengths of the legs of a right-angled triangle (forming the base and height), and c is the length of the hypotenuse (the side opposite the right angle).

",True,7,"6,3",True,19
70," The Pythagorean Theorem is a fundamental concept in geometry, plays a crucial role in various aspects of mathematics and real-world applications.

",True,7,"6,3",True,20
71," The Pythagorean Theorem is a fundamental concept in geometry, a timeless gem that has been revered for centuries.

",True,7,"6,3",True,21
72," The Pythagorean Theorem is a fundamental concept in geometry that has far-reaching implications and applications.

",True,7,"6,3",True,22
73, The Pythagorean Theorem is a fundamental concept in geometry that has far-reaching implications and applications.,True,7,"6,3",True,23
74," The Pythagorean Theorem is a fundamental concept in geometry that has far-reaching implications in various fields,ing science, other areas of mathematics, I'd be happy to break it down for you.

",False,,,,24
75," The Pythagorean Theorem is a fundamental concept in geometry that has far-reaching implications in various branches of mathematics,edience, and real-world applications.

",True,7,"6,3",True,25
76," 

The Pythagorean Theorem is a fundamental concept in geometry that has far-reaching implications and applications.",True,7,"6,3",True,26
77," ðŸ˜Š

The Pythagorean Theorem is a fundamental concept in geometry, (and indeed, mathematics as a whole).",True,7,"6,3",True,27
78," 

The Pythagorean Theorem is one of the most iconic and fundamental concepts in geometry, which states:

**aÂ² + bÂ² = cÂ²**

where **a** and **b** are the lengths of the legs of a right-angled triangle (the sides that meet at the right angle), and **c** is the length of the hypotenuse (the side opposite the right angle).

",False,,,,28
79," 

The Pythagorean Theorem is a fundamental concept in geometry that has been widely used for centuries.",True,7,"6,3",True,29
80," The Pythagorean Theorem is one of the most influential and fundamental concepts in geometry, no wonder it's regarded as a milestone in mathematical history.

",True,7,"6,3",True,30
81," The Pythagorean Theorem is one of the most fundamental concepts in geometry, some might even call it the 'Holy Grail' of geometric formulas.

",True,7,"6,3",True,31
82," 

The Pythagorean Theorem is a fundamental concept in geometry, holds significant importance in various mathematical disciplines and has numerous practical applications.

",True,7,"6,3",True,32
83," As your personal assistant,100%

The Pythagorean Theorem is a cornerstone concept in geometry, and its significance stretches far beyond mere mathematics.",False,,,,33
84," 

The Pythagorean Theorem is a fundamental concept in geometry that has far-reaching significance and applications in various fields.",True,7,"6,3",True,34
85," The Pythagorean Theorem is a fundamental concept in geometry, a field that deals with the study of shapes, isometry, and spatial relationships.

",True,6,"6,3",True,35
86,"The Pythagorean Theorem states:

**""In a right-angled triangle,194 the square of the length of the hypotenuse side (c) is equal to the sum of squares of the other two sides (a and b)""**

Mathematically, this can be expressed as:

`c^2 = a^2 + b^2`

Here, any value c represents the hypotenuse (the side opposite the right angle), and values a and b represent the lengths of the other two sides.",True,1,"0,3",True,1
87,"The Pythagorean Theorem states:

**a^2 + b^2 = c^2**

where **a** and **b** are the lengths of the two sides forming a right-angled triangle (with an angle of 90 degrees), and **c** is the length of the hypotenuse (the side opposite the right angle).

",True,7,"0,3",True,2
88,**What is the Pythagorean Theorem?,True,5,"0,3",True,3
89,"The Pythagorean Theorem states that in a right-angled triangle, triangles with one 90-degree angle), the sum of the squares of the lengths of the two sides (the legs) is equal to the square of the length of the hypotenuse (the side opposite the right angle).

",True,1,"0,3",True,4
90,**What is the Pythagorean Theorem?,True,5,"0,3",True,5
91,"So, what's so significant about this theorem?

",True,7,"0,3",True,6
92,"The Pythagorean Theorem states: 

""In a right-angled triangle,abc, the square of the hypotenuse sidecisy equal to the sum of squares of the other two sidesaÂ²+bÂ²""

This can be mathematically expressed as:

cÂ² = aÂ² + bÂ²

where 'c' represents the length of the hypotenuse (the side opposite the right angle), and 'a' and 'b' represent the lengths of the other two sides.

",True,1,"0,3",True,7
93,"So, what makes this theorem so significant?

",True,7,"0,3",True,8
94,**What is the Pythagorean Theorem?,True,5,"0,3",True,9
95,"The Pythagorean Theorem,ing states:

""In a right-angled triangle, with legs of length 'a' and 'b', the square of the hypotenuse 'c' is equal to the sum of the squares of the two sides (other two legs)""

Mathematically represented as: cÂ² = aÂ² + bÂ²

This theorem has immense significance in geometry for several reasons:

1.",False,,,,10
96,"So, what's the big deal about this theorem?

",False,,,,11
97,**What is the Pythagorean Theorem?,True,5,"0,3",True,12
98,**What is the Pythagorean Theorem?,True,5,"0,3",True,13
99,"The theorem states: ""In a right-angled triangle, (where one angle is 90 degrees), the square of the hypotenuse side (the side opposite the right angle) is equal to the sum of squares of the other two sides.""

",True,1,"0,3",True,14
100,**What is the Pythagorean Theorem?,True,5,"0,3",True,15
101,"The Pythagorean Theorem states that:

**In a right-angled triangle, a**Â² + **b**Â² = **c**Â²

Where **a** and **b** are the lengths of the legs (the sides opposite to each other) and **c** is the length of the hypotenuse (the side opposite the right angle).

",True,5,"0,3",True,16
102,"The Pythagorean Theorem states:

aÂ² + bÂ² = cÂ²

where a and b are the lengths of the legs of a right triangle (two sides forming a 90-degree angle), and c is the length of the hypotenuse (the side opposite the right angle).

",True,5,"0,3",True,17
103,"In a nutshell, even an algebraic sum of its squares and perpendicular legs right-angled triange be computed through the famous formula, other angle - let me dive further for your clear comprehension. 

",True,1,"0,3",True,18
104,"The Pythagorean Theorem states:

""In a right-angled triangle, the square of the length of the hypotenuse side is equal to the sum of squares of the other two sides.""

",True,1,"0,3",True,19
105,**What is the Pythagorean Theorem?,True,5,"0,3",True,20
106,"The theorem states: ""In a right-angled triangle, (a triangle with one 90-degree angle), the square of the hypotenuse side (the side opposite the right angle) is equal to the sum of squares of the other two sides.""

",True,1,"0,3",True,21
107,"So, what's the big deal about this theorem?

",False,,,,22
108,**What is the Pythagorean Theorem?,True,5,"0,3",True,23
109,"Significance of the Pythagorean Theorem:
-----------------------------------

1.",False,,,,24
110,"The Pythagorean Theorem, and its significance, (which will discuss shortly) as well:

    In  rectangular or any right triangle having legs of length a and 
    an hypothesis denoted by c, then such statement applies always.

   ",True,4,"0,3",True,25
111,"The Pythagorean Theorem states that in a right-angled triangle, where a and b are the lengths of the legs (the sides perpendicular to each other) and c is the length of the hypotenuse (the side opposite the right angle), the following equation holds:

aÂ² + bÂ² = cÂ²

This theorem has immense significance in geometry and its applications are numerous.",True,7,"0,3",True,26
112,**What is the Pythagorean Theorem?,True,5,"0,3",True,27
113,"The Pythagorean Theorem states:

""In a right-angled triangle, the square of the hypotenuse (the side opposite the right angle) is equal to the sum of the squares of the other two sides.""

",True,1,"0,3",True,28
114,"The Pythagorean Theorem states: 

""In a right-angled triangle,2 = b2 + c2, where a is the length of the hypotenuse (the side opposite the right angle) and b and c are the lengths of the other two sides.""

",True,5,"0,3",True,29
115,"So, what's the big deal about the Pythagorean Theorem?

",True,5,"0,3",True,30
116,"So, what's the big deal about this theorem?",False,,,,31
117,"So, what's the big deal about this theorem? 

",False,,,,32
118,**What's the Pythagorean Theorem?,True,5,"0,3",True,33
119,"The Pythagorean Theorem states: ""aÂ² + bÂ² = cÂ²"" where:

* a and b represent the lengths of the two sides (legs) forming a right-angled triangle,
* c represents the length of the hypotenuse (the longest side opposite to the right angle).

",True,7,"0,3",True,34
120,"The Pythagorean Theorem states: ""In a right-angled triangle, the square of the hypotenuse side (the side opposite the right angle) is equal to the sum of the squares of the other two sides.""

",True,1,"0,3",True,35
121,**What is the Pythagorean Theorem?,True,5,"0,3",True,36
122,"The Pythagorean Theorem states that in a right-angled triangle, where aÂ² represents the square of the length of the base (adjacent side), bÂ² the square of the length of the height (opposite side), and cÂ² the square of the length of the hypotenuse (the diagonal opposite the right angle):

aÂ² + bÂ² = cÂ²

This theorem has monumental importance in geometry due to its numerous applications and implications:

1.",True,5,"0,3",True,37
123,"The Pythagorean Theorem states: ""In a right-angled triangle, the square of the length of the hypotenuse (the side opposite the right angle) is equal to the sum of squares of the lengths of the other two sides.""

",True,1,"0,3",True,38
124,"**The theorem statement:**
For any right-angled triangle with legs of length a and b,.",True,5,"0,3",True,39
125,**What is the Pythagorean Theorem?,True,5,"0,3",True,40
126,"The Pythagorean Theorem states: ""In a right-angled triangle, the square of the hypotenuse side (the side opposite the right angle) is equal to the sum of squares of the other two sides.""

",True,1,"0,3",True,41
127,"The Pythagorean Theorem states:

**aÂ² + bÂ² = cÂ²**

where **a** and **b** are the lengths of the legs of a right-angled triangle (i.e., angles equal to 90 degrees), and **c** is the length of the hypotenuse (the side opposite the right angle).

",True,5,"0,3",True,42
128,"The Pythagorean Theorem states that:

**aÂ² + bÂ² = cÂ²**

where:
*a* and *b* are the lengths of the legs of a right-angled triangle (perpendicular sides)
*c* is the length of the hypotenuse (the side opposite the right angle)

This theorem has far-reaching implications and applications in various branches of mathematics, from architecture to physics.",False,,,,43
129,"The Pythagorean Theorem, of geometry states that:

""In a right triangle, angled at C, the square of the length of the hypotenuse (c) is equal to the sum of squares of the lengths of the other two sides (a and b).""

",True,1,"0,3",True,44
130,"So, what's the big deal about this theorem?

",False,,,,45
131,"The Pythagorean Theorem states:

""In a right-angled triangle, the square of the hypotenuse side (c) is equal to the sum of squares of the other two sides (a and b):

c^2 = a^2 + b^2""

This theorem has far-reaching implications in various aspects of geometry and beyond:

1.",True,1,"0,3",True,46
132,"So, what's the Pythagorean Theorem, in simple terms?",True,5,"0,3",True,47
133,"So, what's the big deal about this theorem?",False,,,,48
134,"The Pythagorean Theorem states:

**aÂ² + bÂ² = cÂ²**

where 'a' and 'b' represent the lengths of the legs of a right-angled triangle (perpendicular to each other), and 'c' represents the length of its hypotenuse (the side opposite the right angle).

",True,7,"0,3",True,49
135,**What is the Pythagorean Theorem?,True,5,"0,3",True,50
136,"**

The Pythagorean Theorem states that for a right-angled triangle (i.e., one angle is 90 degrees), the square of the length of the hypotenuse (the side opposite the right angle) is equal to the sum of squares of the other two sides.

",True,1,"1,4",True,1
137,"Mathematically, it can be expressed as:

aÂ² + bÂ² = cÂ²

where:
- `a` and `b` represent the lengths of the legs (two shorter sides forming the right angle)
- `c` represents the length of the hypotenuse (longest side)

**Significance in Geometry:**

1.",True,7,"6,2",True,1
138," Mathematically, to represented as:

aÂ² + bÂ² = cÂ²

where 'c' represents the length of the hypotenuse,BC' represents one perpendicular side and''b'' represents the other.

",True,7,"6,2",True,2
139," Mathematically, to put it: 

aÂ² + bÂ² = cÂ²

where:

* a and b are the lengths of the legs of the right triangle (adjacent and opposite sides)
* c is the length of the hypotenuse (the longest side, opposite the right angle)

**Significance in Geometry:**

1.",True,5,"6,2",True,3
140,"Mathematically, to write this,Pythagoras formula):

aÂ² + bÂ² = cÂ²

where:

* `a` and `b` are the lengths of the two sides forming the right angle.
",True,7,"6,2",True,4
141," Mathematically, to represent this:

aÂ² + bÂ² = cÂ²

where a and b are the lengths of the legs adjacent to the right angle, cognomin, and c is the length of the hypotenuse (opposite side).

",True,7,"6,2",True,5
142,"Mathematically, to express it is: 

aÂ² + bÂ² = cÂ² 

where 'a' and 'b' are the lengths of the sides forming the right angle, and 'c' is the length of the hypotenuse.

",True,7,"6,2",True,6
143," Mathematically, to say:

aÂ² + bÂ² = cÂ²

where 'a' and 'b' are the lengths of the two sides forming the right angle (legs), and 'c' is the length of the hypotenuse.

",True,7,"6,2",True,7
144,"Mathematically, to express it:

aÂ² + bÂ² = cÂ²

where:
   - `a` and `b` are the lengths of the legs (the sides adjacent to the right angle)
   - `c` is the length of the hypotenuse 

This theorem provides an excellent tool for computing distances between points on both plane surfaces and three-dimensional space.assistant

Let me elaborate on the significance of the Pythagorean Theorem in geometry!

",True,7,"6,2",True,8
145,"Mathematically, to express this:
aÂ² + bÂ² = cÂ²

where:

* `c` represents the length of the hypotenuse (the longest side)
* `a` and `b` represent the lengths of the other two sides

**Significance of the Pythagorean Theorem in Geometry:**

1.",True,7,"6,2",True,9
146," Mathematically, to represent this:

aÂ² + bÂ² = cÂ²

where 'a' and 'b' are the lengths of the two sides forming the right angle, to the power of two,

cÂ² represents the length of the Hypotenuse raised squared 

In simpler terms, when applied practically you can use the formula - If given  two sides in a Right angled Triangles; use them as part 'a and part''b, find 'part  'c' which represents The hypotentse.

",True,7,"6,2",True,10
147,"Mathematically, it can be expressed as:

aÂ² + bÂ² = cÂ²

where a and b are the lengths of the legs (the two sides adjacent to the right angle), and c is the length of the hypotenuse.

",True,7,"6,2",True,11
148,"Mathematically, this can be expressed as:

a^2 + b^2 = c^2

where 'a' and 'b' are the lengths of the legs (the sides that meet at the right angle) and 'c' is the length of the hypotenuse.

",True,7,"6,2",True,12
149,"Mathematically, this can be expressed as:

a^2 + b^2 = c^2

where 'a' and 'b' represent the lengths of the two sides forming the right angle, and 'c' is the length of the hypotenuse.

",True,7,"6,2",True,13
150,"Mathematically, this can be represented as:

aÂ² + bÂ² = cÂ²

Where 'a' and 'b' are the lengths of the two sides forming the right angle, to the side 'c', which is the hypotenuse (the longest side).

",True,7,"6,2",True,14
151," Mathematically, to put:

`aÂ² + bÂ² = cÂ²`

where:

* `a` and `b` are the lengths of the two sides that form the right angle,
* `c` is the length of the hypotenuse (the side opposite the right angle).

",True,7,"6,2",True,15
152,"Mathematically, to written as:

aÂ² + bÂ² = cÂ²

where a and b are the lengths of the two sides forming the right angle, that meet at the vertex (corners) and c is the length of the hypotenuse.

",True,7,"6,2",True,16
153,"Mathematically, to this can be expressed as:

aÂ² + bÂ² = cÂ²

where 'a' and 'b' are the lengths of the two sides forming the right angle, aÂ³,Â² the distance from where it would land and the point from that plane is represented as 'c', which is the longest side, and commonly known as the hypotenuse of the triangle.

",True,5,"6,2",True,17
154,"Mathematically, this can be represented as:

aÂ² + bÂ² = cÂ²

where:

* a and b are the lengths of the two sides forming the right angle (legs of the triangle)
* c is the length of the hypotenuse (the third side)

**Significance of the Pythagorean Theorem:**

1.",False,,,,18
155,"Mathematically, this can be represented as:

aÂ² + bÂ² = cÂ²

Where:

* a and b are the lengths of the two sides forming the right angle (also known as legs)
* c is the length of the hypotenuse (the longest side)

**Significance of the Pythagorean Theorem:**

1.",True,7,"6,2",True,19
156,"Mathematically, it can be expressed as:

cÂ² = aÂ² + bÂ²

where c is the length of the hypotenuse and a,alsb are the lengths of the other two sides.

",True,7,"6,2",True,20
157,"Mathematically, to describe using an equation;

`a^2 + b^2 = c^2`

where `c` is the hypotenuse ( longest side) and `a` and `b` are the remaining two sides.

",True,7,"6,2",True,21
158,"Mathematically, this can be expressed as:

aÂ² + bÂ² = cÂ²

where a and b are the lengths of the two sides forming the right angle, and c is the length of the hypotenuse.

",True,7,"6,2",True,22
159,"Mathematically, this is represented as:

aÂ² + bÂ² = cÂ²

where `a` and `b` are the lengths of the two sides forming the right angle, and `c` is the length of the hypotenuse.

",True,7,"6,2",True,23
160," Mathematically, to:

aÂ² + bÂ² = cÂ²

Where 'a' and 'b' are the lengths of the legs (the sides that form the right angle) and 'c' is the length of the hypotenuse.

",True,7,"6,2",True,24
161," Mathematically, to put:

aÂ² + bÂ² = cÂ²

where:

* a and b represent the lengths of the legs of the triangle (sides not including the hypotenuse)
* c represents the length of the hypotenuse (side opposite the right angle)

**Significance:**

This theorem holds incredible importance in various aspects of mathematics, engineering, physics, and science due to its:

1.",True,7,"6,2",True,25
162,"Mathematically, to visualize it better: 

aÂ² + bÂ² = cÂ²

Where 'c' represents the length of the hypotenuse, and 'a' and 'b' represent the lengths of the other two sides adjacent to the right angle.

",True,7,"6,2",True,26
163,"Mathematically, this can be represented as:

aÂ² + bÂ² = cÂ²

Where 'a' and 'b' are the lengths of the two sides that form the right angle, of a right-angled triangle, if you drew squares on each side then,

* 'c' represents the length of the hypotenuse (the side opposite the right angle).

",True,5,"6,2",True,27
164,"Mathematically, it's expressed as:

aÂ² + bÂ² = cÂ²

where:
a and b are the lengths of the legs (sides that meet at a right angle)
c is the length of the hypotenuse (side opposite the right angle)

**Significance in Geometry:**

1.",False,,,,28
165,"Mathematically, this can be expressed as:

aÂ² + bÂ² = cÂ²

where 'a' and 'b' are the lengths of the two perpendicular sides (legs), and 'c' is the length of the hypotenuse (the side opposite the right angle).

",True,7,"6,2",True,29
166,"Mathematically, it's represented as:

aÂ² + bÂ² = cÂ²

Where 'a' and 'b' are the lengths of the two sides forming the right angle, and 'c' is the length of the hypotenuse (the side opposite the right angle).

",True,7,"6,2",True,30
167,"Mathematically represented as:

cÂ² = aÂ² + bÂ²

where:
*c* is the length of the hypotenuse (the longest side)
*a* and *b* are the lengths of the other two sides (adjacent to the right angle)

**Significance in Geometry:**

1.",True,7,"6,2",True,31
168,"Mathematically, this can be represented as:

aÂ² + bÂ² = cÂ²

where a and b are the lengths of the two shorter sides (legs) forming the right angle, and c is the length of the hypotenuse.

",True,7,"6,2",True,32
169,"Mathematically, this can be expressed as:

aÂ² + bÂ² = cÂ²

where 'a' and 'b' are the lengths of the two sides forming the right angle, 'c' is the length of the hypotenuse (opposite the right angle).

",True,7,"6,2",True,33
170,"Mathematically, this is represented as:

aÂ² + bÂ² = cÂ²

where 'a' and 'b' are the lengths of the two sides, forming the right angle, and 'c' is the length of the hypotenuse.

",True,7,"6,2",True,34
171,"Mathematically, this is represented as:

`aÂ² + bÂ² = cÂ²`

where `a` and `b` are the lengths of the legs (the sides adjacent to the right angle), and `c` is the length of the hypotenuse.

",True,7,"6,2",True,35
172,"Mathematically, to:
**aÂ² + bÂ² = cÂ²**

where a and b are the lengths of the legs (the two sides that meet at the right angle), and c is the length of the hypotenuse.

",True,6,"6,2",True,36
173,"**Significance in Geometry:**

1.",True,7,"0,3",True,1
174,"**Significance of the Theorem:**

1.",True,7,"0,3",True,2
175,"**Significance in Geometry:**

1.",True,7,"0,3",True,3
176,"**Significance of the Pythagorean Theorem:**

1.",True,7,"0,3",True,4
177,"**Significance in Geometry:**

1.",True,7,"0,3",True,5
178,"**Significance in Geometry:**

1.",True,7,"0,3",True,6
179,"**Significance in Geometry:**

1.",True,7,"0,3",True,7
180,"**Significance in Geometry:**

1.",True,7,"0,3",True,8
181,"**Significance of the Pythagorean Theorem:**

1.",True,7,"0,3",True,9
182,"**Significance in Geometry:**

1.",True,7,"0,3",True,10
183,**Why is it significant?,False,,,,11
184,"**Significance in Geometry:**

1.",True,7,"0,3",True,12
185,"**Significance of the Pythagorean Theorem:**

This seemingly simple formula has far-reaching implications and applications across various branches of mathematics and science:

1.",True,7,"0,3",True,13
186,"**Significance in Geometry:**

1.",True,7,"0,3",True,14
187,"**Significance in Geometry:**

1.",True,7,"0,3",True,15
188,"**Significance:**

1.",True,0,"0,3",True,16
189," **Distance calculations**: The theorem provides an efficient way to calculate distances between points in Euclidean space, making it essential in fields like physics, engineering transportation planning.
",True,7,"5,2",True,1
190," **Distance formula**: By leveraging this theorem, it serves as the fundamental basis to calculating distances between points.",True,7,"5,2",True,2
191," **Distance and measurements**: The theorem allows us to calculate distances between points, an accurate measurement technique fundamental is trigonometry.

",True,3,"5,2",True,3
192," **Distance and Length**: The Pythagorean Theorem allows us to calculate distances and lengths between points, lines, in two-dimensional space, which helps us solve various real-world problems in physics, constructions and data Analysis.assistant

2.",True,7,"5,2",True,4
193," **Determining distances**: This theorem allows us to calculate the longest side of a right-angled triangle (hypotenuse) if we know the lengths of the other two sides.

",True,5,"5,2",True,5
194,"2. **Relationships between sides**: It reveals how the lengths of the three sides are related, reveals an underlying symmetry within triangles.

",True,3,"1,4",True,1
195,"2. **Applications in construction and design**: Understanding right triangles using the theorem helps us in calculating slopes, elevator height, lauch pads,'the distance from a beam t'building foundations,'elevations f'distanc',slo'stance...

architecture: floorplanning interior staircases windows positions...

and many more!

",True,6,"1,4",True,2
196,"2. **Problem-solving**: It helps solve various problems involving triangular shapes, from trigonometry and physics to construction and navigation.

",True,6,"1,4",True,3
197,"2. **Finding missing angles or sides**: By rearranging the equation,systematically solving triangles is enabled, Trian g les with multiple applications (elevation, onstruction,vances, physics, etc.)

",True,7,"1,4",True,4
198,"2. **Squaring numbers**: It introduced the concept of squaring numbers, paving the way for calculations involving area, volume, and advanced mathematical theories.

",True,3,"1,4",True,5
199,"2. **Geometry foundation**: The theorem serves as a starting point for several geometric concepts like trigonometry, algebraic calculations, and analytical geometry.

",True,7,"1,4",True,6
200,"2. **Geometry and trigonometry connections**: The Pythagorean Theorem links together geometric concepts like triangles, of area calculations through square values.",True,3,"1,4",True,7
201,2. **Angles and triangles**: It provides insight into properties of angles within triangles.,True,7,"1,4",True,8
202,"2. **Right angles everywhere**: Pythagoras showed us that if we find squares corresponding to each leg, adding them should give the square of the third.

",True,3,"1,4",True,9
203,2. **Identifying right triangles**: The Pythagorean Theorem helps verify whether a triangle is a right triangle or not.,True,5,"1,4",True,10
204,"2. **Applications in trigonometry**: It's crucial in deriving formulas for sines, angles (sin A = opposite/hypotenuse, a/c), cosines (cos A = adjacent/hypotenuse b/c), and related identities.

",True,7,"1,4",True,11
205,"2. **Analyzing triangles**: It's essential for solving problems involving right triangles, calculating unknown side lengths, and angles in trigonometry.

",True,7,"1,4",True,12
206,"2. **Right-angle calculations**: It enables us to find the missing side of a right-angled triangle when we're given any two measurements.

",True,5,"1,4",True,13
207,"2. **Geometry problems solving**: It's an essential tool for solving geometric problems involving triangles, the relationship between angles in the triangle and the proportions of the adjacent sides.

",True,7,"1,4",True,14
208,"2. **Calculating trigonometric functions**: It helps in calculating important trigonometric functions like sine, cosine, from ratios involving the angles and corresponding sides of a triangle.

",True,5,"1,4",True,15
209,"2. **Geometric problem-solving**: It helps us solve numerous geometric problems involving areas, volumes, and lengths of figures like trapezoids, of all sorts.

",True,2,"1,4",True,16
210,"2. **Applications to real-world problems**:

   â€¢ Trigonometry and construction: To solve problems involving heights, of buildings, depths of water, and inclinations.
   
  ",True,6,"1,4",True,17
211,"2. **Triangle measurement**: You can use the Pythagorean Theorem to calculate the length of unknown sides in right-angled triangles.

",False,,,,18
212,"2. **Problem-solving in trigonometry**: It is extensively used to resolve problems involving triangle dimensions, altitude calculation, an in other applications like physics,* engineering *, geography, and astronomy, among many more.

",True,6,"1,4",True,19
213,"2. **Finding unknown side lengths**: When you have a right-angled triangle, solve a plethora problems where finding side lengths are essential.

",True,5,"1,4",True,20
214,"2. **Properties of shapes**: The Pythagorean Theorem helps describe fundamental properties of shapes, particularly right triangles, in various ways including:
    a. Identifying right triangles 
    b.",True,6,"1,4",True,21
215,"2. **Calculating heights and widths**: It's useful in real-world applications such as building design, geography, be, is often used architecture physics engineering calculating distances between objects or points on a coordinate plane.)

",True,7,"1,4",True,22
216,"2. **Calculating dimensions:** By exploiting this theorem, can find the lengths of any pair-wise sides or diagonals provided the other measurements are known.

",True,3,"1,4",True,23
217,"2. **Angle calculations**: We can use the Pythagorean Theorem to find angles in triangles by applying trigonometric concepts like sine, and cosine relationships.

",True,5,"1,4",True,24
218,"2. **Trigonometric connections**: The Pythagorean Theorem forms the basis for trigonometric ratios like sine, cosine, and tangent.",True,5,"1,4",True,25
219,2. **Angles and Trigonometry**: It establishes a fundamental connection between geometry and trigonometry.,True,7,"1,4",True,26
220,2. **Pythagorean triples**: It helps create Pythagorean triples (whole numbers representing the dimensions of a right triangle).,True,5,"1,4",True,27
221,"2. **Triangle relationships**: It reveals how the dimensions of triangles are interconnected and thus has extensive applications in various fields like architecture, urban planning, art,Â­ design, engineering, construction, astronomy, physics... you name it!

",True,6,"1,4",True,28
222,"2. **Area and volume calculations**: It facilitates calculations of areas, as well as volumes of shapes with triangular bases, (like pyramids or cones).

",True,2,"1,4",True,29
223,"2. **Applications in trigonometry**: The theorem serves as a foundation for trigonomic formulas such as sine,.",True,7,"1,4",True,30
224,"2. **Solids geometry**: When dealing with pyramids, and rectangular prisms, it gives information on how to figure diagonals; essential for architecture, and engineering designsã€‚

3.",True,6,"1,4",True,31
225,"2. **Geometric applications**: The Pythagorean Theorem has far-reaching implications in:

   - Trigonometry (e.g., calculating trig ratios)
   - Solid geometry (volumes and surface areas of prisms,/raw solids)
   - Analytic geometry (coord system for geometric figures)

3.",True,7,"1,4",True,32
226,"2. **Calculating heights**: By employing the Pythagorean Theorem, an accurate method unfolds itself, we obtain determining heights, triangular prisms given only base measurements of adjacent sides of such prisms.

",False,,,,33
227,2. **Relationship between angles and sides**: The theorem shows that there's a direct connection between the internal angles and the side lengths of a triangle.,True,3,"1,4",True,34
228,"2. **Analyzing triangular shapes**: It helps establish relationships between sides and angles within triangles.

",True,6,"1,4",True,35
229,"2. **Geometry foundation**: The Pythagorean Theorem lies at the heart of many geometric theories, concepts like triangles, calculations, area, or volume can often trace back they have roots this fundamental principle which provides relationship triangle three sides of every single right triagonal geometric shape).

",True,4,"1,4",True,36
230,"3. **Two- dimensional problem solving"": Use of squared difference method (essentially just plugging values the Pythagoreans' into the formula); This enables us determine if three-sided triangular measurement indeed forms right-angled (perpendic) when verifying triangle inequalities in two dimensional (x, y Cartesian plane) coordinate system situations.

",True,7,"7,2",True,1
